Type,Name,Request Count,Failure Count,Median Response Time,Average Response Time,Min Response Time,Max Response Time,Average Content Size,Requests/s,Failures/s,50%,66%,75%,80%,90%,95%,98%,99%,99.9%,99.99%,100%
GET,pagina grande,15762,0,310,379.253042533362,66.70324999868171,2508.8901260023704,1078664.0,52.52139136100089,0.0,310,380,430,470,620,900,1200,1500,2100,2500,2500
,Aggregated,15762,0,310,379.253042533362,66.70324999868171,2508.8901260023704,1078664.0,52.52139136100089,0.0,310,380,430,470,620,900,1200,1500,2100,2500,2500
